{"cameraMode":{"drawMode":0,"name":"Shaded","section":"Shading Mode"},"sceneLighting":false,"audioPlay":false,"sceneViewState":{"m_AlwaysRefresh":false,"showFog":true,"showSkybox":false,"showFlares":true,"showImageEffects":true,"showParticleSystems":true,"showVisualEffectGraphs":true,"m_FxEnabled":true},"in2DMode":false,"pivot":{"x":3.680000066757202,"y":0.30000001192092898,"z":-3.2300000190734865},"rotation":{"x":0.08789397031068802,"y":-0.6511176228523254,"z":-0.07636097818613053,"w":-0.7500646710395813},"size":1.1414915323257447,"orthographic":false}